driver_id,total_fare,avg_distance
15,185.55,27.655
54,76.91,30.755000000000003
69,93.28,32.84
87,123.88,2.56
30,80.76,40.74
34,78.08,43.65
28,101.78,8.21
85,102.66,10.26
35,76.22,20.0
71,120.49,43.28
18,265.18,9.120000000000001
17,26.88,46.85
78,24.72,28.97
68,102.64,45.41
93,43.22,17.11
86,89.56,6.1
81,103.91,41.11
56,209.79000000000002,40.435
37,93.16,28.32
94,139.53,37.42
80,252.57999999999998,22.115000000000002
