driver_id,total_fare,avg_distance
15,185.55,27.655
54,57.91,40.06
69,93.28,32.84
30,80.76,40.74
34,78.08,43.65
18,119.06,14.55
17,26.88,46.85
78,24.72,28.97
93,43.22,17.11
86,89.56,6.1
81,103.91,41.11
56,139.09,47.3
80,252.57999999999998,22.115000000000002
